Metric,Value
Test Accuracy,0.09090909361839294
Test Loss,2.404336929321289
Test F1-Score,0.9523804783821106
Macro F1-Score,0.01515151515151515
Weighted F1-Score,0.01515151515151515
